{"cameraMode":{"drawMode":0,"name":"Shaded","section":"Shading Mode"},"sceneLighting":true,"audioPlay":false,"sceneViewState":{"showFog":true,"showMaterialUpdate":true,"showSkybox":true,"showFlares":true,"showImageEffects":true,"showParticleSystems":true},"in2DMode":false,"pivot":{"x":1.424544095993042,"y":-1.790639877319336,"z":-12.602554321289063},"rotation":{"x":0.0011226491769775749,"y":0.9895765781402588,"z":-0.14380531013011933,"w":0.0077198101207613949},"size":10.0,"orthographic":false}