{"cameraMode":{"drawMode":0,"name":"Shaded","section":"Shading Mode"},"sceneLighting":true,"audioPlay":false,"sceneViewState":{"showFog":true,"showMaterialUpdate":true,"showSkybox":true,"showFlares":true,"showImageEffects":true,"showParticleSystems":true},"in2DMode":false,"pivot":{"x":-18.865577697753908,"y":-9.80502986907959,"z":39.80281448364258},"rotation":{"x":0.20850160717964173,"y":0.4318825602531433,"z":-0.10339555144309998,"w":0.8713240027427673},"size":5706.4306640625,"orthographic":false}