{"cameraMode":{"drawMode":0,"name":"Shaded","section":"Shading Mode"},"sceneLighting":true,"audioPlay":false,"sceneViewState":{"showFog":true,"showMaterialUpdate":true,"showSkybox":true,"showFlares":true,"showImageEffects":true,"showParticleSystems":true},"in2DMode":false,"pivot":{"x":3.0626754760742189,"y":-1.61763334274292,"z":-12.486104965209961},"rotation":{"x":0.012568562291562558,"y":0.9865508675575256,"z":-0.13431082665920258,"w":0.09231413155794144},"size":10.0,"orthographic":false}