{"cameraMode":{"drawMode":0,"name":"Shaded","section":"Shading Mode"},"sceneLighting":true,"audioPlay":false,"sceneViewState":{"showFog":true,"showMaterialUpdate":true,"showSkybox":true,"showFlares":true,"showImageEffects":true,"showParticleSystems":true},"in2DMode":false,"pivot":{"x":232.38641357421876,"y":-293.72943115234377,"z":202.87635803222657},"rotation":{"x":0.31134238839149477,"y":0.45809659361839297,"z":-0.17530396580696107,"w":0.8138693571090698},"size":456.39642333984377,"orthographic":false}