{"cameraMode":{"drawMode":0,"name":"Shaded","section":"Shading Mode"},"sceneLighting":true,"audioPlay":false,"sceneViewState":{"showFog":true,"showMaterialUpdate":true,"showSkybox":true,"showFlares":true,"showImageEffects":true,"showParticleSystems":true},"in2DMode":false,"pivot":{"x":0.33491772413253786,"y":-1.848104476928711,"z":-12.540154457092286},"rotation":{"x":-0.0072176107205450539,"y":0.987973153591156,"z":-0.14660029113292695,"w":-0.048646584153175357},"size":10.0,"orthographic":false}